{"train_loss": [2.361290035247803, 1.38718208360672], "val_loss": [1.6863184703720941, 1.3912728362613254], "val_accuracy": [0.4894366197183099, 0.5880281690140845], "val_f1": [0.4508263515713607, 0.5835085757395293]}