{"train_loss": [2.2100036503320717, 1.2304383427742496], "val_loss": [1.5848383373684354, 1.279354077246454], "val_accuracy": [0.5035211267605634, 0.6197183098591549], "val_f1": [0.4496427819176162, 0.6191718345723812]}