{"train_loss": [2.5414664907455444, 1.7020949296951293], "val_loss": [1.9666626122262743, 1.653125849035051], "val_accuracy": [0.4507042253521127, 0.5246478873239436], "val_f1": [0.4023446458383681, 0.49317248908819283]}