{"train_loss": [2.245265863418579, 1.2896192650794982], "val_loss": [1.632824526892768, 1.3403737213876512], "val_accuracy": [0.4841549295774648, 0.602112676056338], "val_f1": [0.4407953180177149, 0.5888974652970469]}