{"train_loss": [2.1355180548855577, 1.165910324418401], "val_loss": [1.535587532652749, 1.2236309631003275], "val_accuracy": [0.49471830985915494, 0.6214788732394366], "val_f1": [0.45240056194822137, 0.619620280365607]}