{"train_loss": [2.3281435521252183, 1.3995989032059788], "val_loss": [1.7102216647730932, 1.3907649119695027], "val_accuracy": [0.4876760563380282, 0.579225352112676], "val_f1": [0.4390366995401725, 0.5527546265128268]}