{"train_loss": [2.6388759326934816, 1.8025558853149415], "val_loss": [2.037810378604465, 1.7240553630722895], "val_accuracy": [0.4471830985915493, 0.5158450704225352], "val_f1": [0.3987217912548317, 0.47650989157037776]}