{"train_loss": [2.3906097564697264, 1.4849630451202394], "val_loss": [1.8022059732013278, 1.49516581164466], "val_accuracy": [0.4630281690140845, 0.5616197183098591], "val_f1": [0.41380534641856326, 0.5351593422904887]}