{"train_loss": [2.3302036011554152, 1.404851097179704], "val_loss": [1.7269082764784496, 1.4006782323122025], "val_accuracy": [0.47007042253521125, 0.5774647887323944], "val_f1": [0.4108862396027005, 0.5527439648655]}