{"train_loss": [2.2027780334633515, 1.2392302926285679], "val_loss": [1.5757492846912808, 1.2837131371100743], "val_accuracy": [0.5158450704225352, 0.6161971830985915], "val_f1": [0.46829881707699395, 0.6141871432626809]}