{"train_loss": [2.5414069232940673, 1.7031747169494629], "val_loss": [1.9680010742611356, 1.654915041393704], "val_accuracy": [0.4507042253521127, 0.5211267605633803], "val_f1": [0.4022238005218286, 0.4879653597070042]}