{"train_loss": [2.3604807653427122, 1.387904579639435], "val_loss": [1.696318679385715, 1.3989051116837397], "val_accuracy": [0.4735915492957746, 0.5915492957746479], "val_f1": [0.42538505904180474, 0.5868981786491966]}