{"train_loss": [2.164192115925402, 1.1874642065729961], "val_loss": [1.505720552470949, 1.2006710039244757], "val_accuracy": [0.5193661971830986, 0.6408450704225352], "val_f1": [0.4765143445330126, 0.625615241611311]}