{"train_loss": [2.639348931312561, 1.8006187419891357], "val_loss": [2.0381241109636097, 1.7252080374293857], "val_accuracy": [0.448943661971831, 0.5140845070422535], "val_f1": [0.39889318824497044, 0.4742816013462373]}