{"train_loss": [2.244786454970578, 1.294511206418156], "val_loss": [1.6241326696342893, 1.306811981730991], "val_accuracy": [0.4982394366197183, 0.6144366197183099], "val_f1": [0.44999880869557707, 0.5983611616565102]}