{
  "0": {
    "precision": 0.8095238095238095,
    "recall": 0.85,
    "f1-score": 0.8292682926829268,
    "support": 20.0
  },
  "1": {
    "precision": 0.7333333333333333,
    "recall": 0.7857142857142857,
    "f1-score": 0.7586206896551724,
    "support": 14.0
  },
  "2": {
    "precision": 0.8095238095238095,
    "recall": 0.85,
    "f1-score": 0.8292682926829268,
    "support": 20.0
  },
  "3": {
    "precision": 0.8235294117647058,
    "recall": 0.9333333333333333,
    "f1-score": 0.875,
    "support": 15.0
  },
  "4": {
    "precision": 0.84,
    "recall": 0.9545454545454546,
    "f1-score": 0.8936170212765957,
    "support": 22.0
  },
  "5": {
    "precision": 0.8571428571428571,
    "recall": 0.6666666666666666,
    "f1-score": 0.75,
    "support": 18.0
  },
  "6": {
    "precision": 0.7142857142857143,
    "recall": 0.9090909090909091,
    "f1-score": 0.8,
    "support": 11.0
  },
  "7": {
    "precision": 0.7058823529411765,
    "recall": 0.6666666666666666,
    "f1-score": 0.6857142857142857,
    "support": 18.0
  },
  "8": {
    "precision": 0.65,
    "recall": 0.7222222222222222,
    "f1-score": 0.6842105263157895,
    "support": 18.0
  },
  "9": {
    "precision": 0.8333333333333334,
    "recall": 0.75,
    "f1-score": 0.7894736842105263,
    "support": 20.0
  },
  "10": {
    "precision": 0.7647058823529411,
    "recall": 0.9285714285714286,
    "f1-score": 0.8387096774193549,
    "support": 14.0
  },
  "11": {
    "precision": 0.8571428571428571,
    "recall": 0.631578947368421,
    "f1-score": 0.7272727272727273,
    "support": 19.0
  },
  "12": {
    "precision": 0.8,
    "recall": 0.7619047619047619,
    "f1-score": 0.7804878048780488,
    "support": 21.0
  },
  "13": {
    "precision": 0.6923076923076923,
    "recall": 0.6428571428571429,
    "f1-score": 0.6666666666666666,
    "support": 14.0
  },
  "14": {
    "precision": 0.85,
    "recall": 0.85,
    "f1-score": 0.85,
    "support": 20.0
  },
  "15": {
    "precision": 0.8461538461538461,
    "recall": 0.7857142857142857,
    "f1-score": 0.8148148148148148,
    "support": 28.0
  },
  "16": {
    "precision": 0.7058823529411765,
    "recall": 0.8,
    "f1-score": 0.75,
    "support": 15.0
  },
  "17": {
    "precision": 0.7777777777777778,
    "recall": 0.7,
    "f1-score": 0.7368421052631579,
    "support": 20.0
  },
  "18": {
    "precision": 0.75,
    "recall": 0.7058823529411765,
    "f1-score": 0.7272727272727273,
    "support": 17.0
  },
  "19": {
    "precision": 0.7666666666666667,
    "recall": 0.8518518518518519,
    "f1-score": 0.8070175438596491,
    "support": 27.0
  },
  "20": {
    "precision": 0.8,
    "recall": 0.6666666666666666,
    "f1-score": 0.7272727272727273,
    "support": 24.0
  },
  "21": {
    "precision": 0.7692307692307693,
    "recall": 0.5,
    "f1-score": 0.6060606060606061,
    "support": 20.0
  },
  "22": {
    "precision": 0.56,
    "recall": 0.875,
    "f1-score": 0.6829268292682927,
    "support": 16.0
  },
  "23": {
    "precision": 0.7272727272727273,
    "recall": 0.8421052631578947,
    "f1-score": 0.7804878048780488,
    "support": 19.0
  },
  "24": {
    "precision": 0.7692307692307693,
    "recall": 0.6666666666666666,
    "f1-score": 0.7142857142857143,
    "support": 30.0
  },
  "25": {
    "precision": 0.7142857142857143,
    "recall": 0.75,
    "f1-score": 0.7317073170731707,
    "support": 20.0
  },
  "accuracy": 0.766,
  "macro avg": {
    "precision": 0.7664312183542954,
    "recall": 0.771039957920763,
    "f1-score": 0.7629614561086128,
    "support": 500.0
  },
  "weighted avg": {
    "precision": 0.7726685219355808,
    "recall": 0.766,
    "f1-score": 0.7639143010876891,
    "support": 500.0
  }
}