{"train_loss": [2.3701533012122034, 1.4655994555078835], "val_loss": [1.756460126903322, 1.4429313937822978], "val_accuracy": [0.47007042253521125, 0.5704225352112676], "val_f1": [0.40282713645431983, 0.5490690134813195]}