{"train_loss": [2.5093376293182375, 1.5843836526870727], "val_loss": [1.865403758154975, 1.5450312495231628], "val_accuracy": [0.44190140845070425, 0.5528169014084507], "val_f1": [0.3923117382988774, 0.5347792048427167]}