{"train_loss": [2.511795442581177, 1.5877098150253295], "val_loss": [1.8690774374537997, 1.544979366991255], "val_accuracy": [0.44014084507042256, 0.5440140845070423], "val_f1": [0.39040429154218803, 0.5268844512721214]}