{"train_loss": [2.3701292017856277, 1.4632105839300347], "val_loss": [1.7558628155125513, 1.439493523703681], "val_accuracy": [0.4735915492957746, 0.5651408450704225], "val_f1": [0.4110185875522634, 0.5383700611152434]}