{"train_loss": [2.391223527908325, 1.4834252214431762], "val_loss": [1.8028936783472698, 1.4983168972863092], "val_accuracy": [0.46830985915492956, 0.5616197183098591], "val_f1": [0.42687430734202025, 0.5377298066535985]}