{"train_loss": [2.149105765493998, 1.1629026515416832], "val_loss": [1.5639436162180371, 1.2256633705563016], "val_accuracy": [0.49471830985915494, 0.6003521126760564], "val_f1": [0.4478138875129633, 0.5892596956432656]}