{"train_loss": [2.246560078620911, 1.2949745903015137], "val_loss": [1.628067480193244, 1.345576885673735], "val_accuracy": [0.4894366197183099, 0.6003521126760564], "val_f1": [0.4480830056857893, 0.5828364197730402]}