{"train_loss": [2.17797009772565, 1.1964993792844105], "val_loss": [1.5417568451828427, 1.209266538421313], "val_accuracy": [0.49295774647887325, 0.6285211267605634], "val_f1": [0.44485876900489024, 0.617264535317462]}