{"train_loss": [2.243110925318247, 1.3019430041313171], "val_loss": [1.6359706223011017, 1.3100154780679278], "val_accuracy": [0.48063380281690143, 0.6091549295774648], "val_f1": [0.4335346250615361, 0.5856511108132347]}